date,sentiment
2020-03-15,-0.3148309774223958
2020-03-16,-0.696900733788901
2020-03-17,-0.3214185710908754
2020-03-18,-0.629569122619714
2020-03-19,0.19413913862470064
2020-03-22,0.2262200568320556
2020-03-23,0.42924968374364303
2020-03-24,0.30824123947880366
2020-03-25,0.15430299976264858
2020-03-26,0.0435661208553097
2020-03-29,-0.001068507781748232
2020-03-30,-0.16483920924977719
2020-03-31,0.11093698082629383
2020-04-01,0.003121206367071444
2020-04-02,-0.19850142350941147
2020-04-05,-0.17579867705590102
2020-04-06,-0.047013178580367576
2020-04-07,0.22613535419898106
2020-04-08,0.29690760716252645
2020-04-09,0.08897991473903674
2020-04-12,0.1110577802484366
2020-04-13,0.3463406971800159
2020-04-14,0.046386502246964556
2020-04-15,-0.22201792334885134
2020-04-16,0.10700560544876588
2020-04-21,-0.2651218585920674
2020-04-22,0.09150971624274035
2020-04-23,0.24249428042823076
2020-04-26,0.021333932251550836
2020-04-27,-0.5527010345609091
2020-04-28,0.071955799368306
2020-04-29,0.1958034750511739
2020-04-30,0.41902548025445047
2020-05-03,-0.024840852384965015
2020-05-04,-0.2768726020597046
2020-05-05,0.29742847586648
2020-05-06,0.45885995571461635
2020-05-07,-0.3645351329841245
2020-05-10,-0.13684820230731493
2020-05-11,-0.24657454327346337
2020-05-12,0.20634252230610065
2020-05-13,-0.21658207314404665
2020-05-14,-0.21584347855151467
2020-05-17,-0.1975023806491339
2020-05-18,0.15171252726104256
2020-05-19,0.22632391325115467
2020-05-20,-0.14632756871857086
2020-05-21,0.20311745938749412
2020-05-31,0.7675450164178443
2020-06-01,0.028681422142909342
2020-06-02,0.2848607693266015
2020-06-03,0.08327052098375562
2020-06-04,-0.12480272095333027
2020-06-07,0.4211875033979833
2020-06-08,-0.24360505441973798
2020-06-09,-0.214922608577781
2020-06-10,0.05032823047471048
2020-06-11,-0.22580464803415634
2020-06-14,-0.09477371459892514
2020-06-15,-0.15071739387793037
2020-06-16,0.08957334214979282
2020-06-17,0.06690229986637111
2020-06-18,0.19779551838132595
2020-06-21,0.2584920628631168
2020-06-22,0.3076951219601521
2020-06-23,-0.21831282197671192
2020-06-24,0.39137205989925905
2020-06-25,-0.1842876641371401
2020-06-28,-0.0633091032942138
2020-06-29,-0.02695342430661746
2020-06-30,0.3709070140079001
2020-07-05,0.34146017310965415
2020-07-06,0.23920377209752555
2020-07-07,0.5148434655053776
2020-07-08,0.176005496689691
2020-07-09,-0.2847171115750732
2020-07-12,0.225143356932644
2020-07-13,0.15417043687461732
2020-07-14,-0.22522811423799222
2020-07-15,-0.20931916419889537
2020-07-16,-0.22708196075535786
2020-07-19,-0.5216101461087399
2020-07-20,0.10045615273065749
2020-07-21,-0.2311414974794245
2020-07-22,-0.2063961509204182
2020-07-26,0.31319888561987586
2020-07-27,0.42382514567895074
2020-07-28,0.3806136143234752
2020-07-29,0.05408812936754123
2020-08-04,-0.14561087482619495
2020-08-05,0.08065362586746377
2020-08-06,-0.1179202830464673
2020-08-09,0.04362480853943501
2020-08-10,0.31974813412380476
2020-08-11,0.05066127541323591
2020-08-12,0.009763947486065017
2020-08-13,-0.06592140895549572
2020-08-16,0.22069906210631868
2020-08-17,0.08469998057999224
2020-08-18,0.14614632899148344
2020-08-19,-0.29881602365118265
2020-08-23,0.3431438913530341
2020-08-24,0.3590777033777832
2020-08-25,-0.017959128056389405
2020-08-26,-0.440082931641556
2020-08-27,0.322594372355572
2020-08-30,0.15819181682043496
2020-08-31,0.08479604536288175
2020-09-01,-0.30768865227989844
2020-09-02,-0.09690477407874984
2020-09-03,0.20737164007075823
2020-09-06,-0.31734576810841675
2020-09-07,0.16259275148620508
2020-09-08,-0.19225222937255199
2020-09-09,-0.03313889018603539
2020-09-10,0.4911412326136978
2020-09-13,-0.15336275107160172
2020-09-14,-0.05327078868468357
2020-09-15,-0.07596562910287372
2020-09-16,-0.33756437743723455
2020-09-17,0.124380081604554
2020-09-20,0.3075437628243246
2020-09-21,0.07050981026584044
2020-09-22,0.2978889018922428
2020-09-23,0.33945066390323125
2020-09-24,-0.07983312249534329
2020-09-27,-0.13819176263973965
2020-09-28,0.45415936257373457
2020-09-29,-0.2469079903272943
2020-09-30,-0.3448826175665833
2020-10-01,0.25792426119978096
2020-10-04,0.033256455428578524
2020-10-05,-0.20153516447743353
2020-10-06,0.014478980342924625
2020-10-07,-0.07446600126668389
2020-10-11,0.30379300338028364
2020-10-12,0.0873307890484222
2020-10-13,-0.4942245535215363
2020-10-14,0.1832165591111985
2020-10-15,-0.21780005851236517
2020-10-18,0.17862666280881323
2020-10-19,-0.4540177878966176
2020-10-20,-0.19116640566575138
2020-10-21,-0.35059431536540797
2020-10-22,-0.4293893295018531
2020-10-25,0.06953381286358656
2020-10-26,0.11536249934757417
2020-10-27,0.0837909591941593
2020-10-28,0.1683668874445451
2020-11-01,0.058945837449323524
2020-11-02,0.3090444383363703
2020-11-03,-0.27546155142127476
2020-11-04,-0.15018872082149648
2020-11-05,0.09625575513060526
2020-11-08,-0.10075865716162309
2020-11-09,-0.31699881098433413
2020-11-10,0.41404640963018763
2020-11-11,0.5013781636793092
2020-11-12,0.03428586242833183
2020-11-15,0.060229821032172594
2020-11-16,0.02791878454942364
2020-11-17,0.07639314773362804
2020-11-18,0.13318672902591383
2020-11-19,-0.42466059905516956
2020-11-22,-0.008003321834905625
2020-11-23,-0.10559434338443109
2020-11-24,-0.13193682563976147
2020-11-25,0.22520485766749204
2020-11-26,0.20865853613209506
2020-11-29,0.38479123040753394
2020-11-30,0.23605729763056948
2020-12-01,-0.1860008215197546
2020-12-02,-0.1764519785105899
2020-12-03,0.07060239053604701
2020-12-06,-0.13517099402653138
2020-12-07,-0.09603979851329991
2020-12-08,0.3580791544682624
2020-12-09,0.2384660768390169
2020-12-10,0.32732426380336943
2020-12-13,0.39420303446792204
2020-12-14,-0.2685842669949869
2020-12-15,0.2252090703423993
2020-12-16,-0.005952558353831697
2020-12-17,-0.013195059540184888
2020-12-20,0.17421664802089748
2020-12-21,-0.470641082172727
2020-12-22,0.03671512689863875
2020-12-23,0.408269782163256
2020-12-24,-0.12512631464602073
2020-12-27,-0.2226873030867877
2020-12-28,0.35204470672429933
2020-12-29,-0.054385940733649885
2020-12-30,-0.13733479019862216
2020-12-31,-0.09461027733937143
2021-01-03,-0.036407622042738494
2021-01-04,-0.21387968302979898
2021-01-05,0.2691755282290144
2021-01-06,0.11731476229492377
2021-01-10,0.40858148998404975
2021-01-11,-0.08121435259643339
2021-01-12,-0.301568941117505
2021-01-13,0.035788085318260755
2021-01-14,0.29715544502056374
2021-01-17,0.12716250407455237
2021-01-18,0.1533382143288555
2021-01-19,0.2325522029047567
2021-01-20,0.2642688366126835
2021-01-21,-0.1972745999512997
2021-01-24,-0.23132707207380931
2021-01-25,0.20199357244508676
2021-01-26,-0.07092285144172966
2021-01-27,0.1411164231782665
2021-01-31,-0.07910610764313712
2021-02-01,0.22921656415807573
2021-02-02,0.2755181840906097
2021-02-03,0.15676143190339772
2021-02-04,-0.2829256372403801
2021-02-07,0.22297838423241567
2021-02-08,0.17293118147339887
2021-02-09,-0.18593236060983867
2021-02-10,0.1726904956080123
2021-02-11,-0.08156279594944071
2021-02-14,-0.09500561678541355
2021-02-15,0.027602522446245156
2021-02-16,0.30884843551679536
2021-02-17,-0.4302386866934289
2021-02-18,-0.4889696576187281
2021-02-21,-0.06583110835326066
2021-02-22,0.12991938574724948
2021-02-23,-0.38030749191196533
2021-02-24,-0.25288384543617065
2021-02-25,-0.010210209031751384
2021-02-28,-0.5157220684822046
2021-03-01,-0.03877198232407747
2021-03-02,-0.07388262269724852
2021-03-03,-0.14958017619765032
2021-03-04,0.10468993206355177
2021-03-07,0.10294775178427337
2021-03-08,0.11644181873001251
2021-03-09,-0.21567776959525134
2021-03-10,0.10407375774276714
2021-03-11,-0.31715041699246255
2021-03-14,0.22513724332823162
2021-03-15,0.07927208708678901
2021-03-16,0.03328008665065822
2021-03-17,-0.010748571092003913
2021-03-18,0.10057889787007976
2021-03-21,0.1025628360623844
2021-03-22,-0.3125485745553887
2021-03-23,0.0062910998594128825
2021-03-24,-0.1873353574609955
2021-03-25,0.05475803715970945
2021-03-28,-0.33262072639731133
2021-03-29,-0.23346122443841935
2021-03-30,-0.12437202381240828
2021-03-31,-0.09429493833430999
2021-04-01,0.18547621139120316
2021-04-04,0.005062746329982326
2021-04-05,-0.37413591454881406
2021-04-06,-0.2223509030801726
2021-04-07,0.36414728425599974
2021-04-08,-0.30496756512440265
2021-04-11,0.23022128684141266
2021-04-12,-0.2028636143083366
2021-04-13,0.8985441616025666
2021-04-14,-0.4070683043304017
2021-04-15,-0.16051656142745063
2021-04-18,-0.14223984671543688
2021-04-19,0.01808829607883036
2021-04-20,0.17247045333070016
2021-04-21,-0.14212188774893583
2021-04-22,0.11250697328399795
2021-04-25,-0.21714752473452167
2021-04-26,0.1293612964282293
2021-04-27,0.04620894974854477
2021-04-28,0.04488699216780202
2021-05-04,0.2013444082362189
2021-05-05,0.105150466548102
2021-05-06,0.017676471834496055
2021-05-09,0.3124529364167665
2021-05-10,-0.03902861036419583
2021-05-11,-0.007207438972463141
2021-05-17,0.022325956200215734
2021-05-18,0.22970132634106663
2021-05-19,-0.13937985165498346
2021-05-20,-0.30249243632042344
2021-05-23,-0.05632209668130325
2021-05-24,-0.07714094225882502
2021-05-25,0.23091155293259047
2021-05-26,0.15944124812028354
2021-05-27,-0.09540138152588784
2021-05-30,0.2099091691669862
2021-05-31,-0.4008062018155962
2021-06-01,0.07398188836979516
2021-06-02,-0.317013963800711
2021-06-03,-0.04926809668779132
2021-06-06,0.3739229849513027
2021-06-07,-0.20403351877275072
2021-06-08,-0.07442554161198842
2021-06-09,0.20230125531938167
2021-06-10,-0.16693243753909365
2021-06-13,-0.0012430785765532026
2021-06-14,0.13938854980239296
2021-06-15,-0.22441291503762067
2021-06-16,0.09902512537223972
2021-06-17,0.1443771615494416
2021-06-20,0.06649040105685028
2021-06-21,-0.052371426452980374
2021-06-22,-0.19433995843068141
2021-06-23,0.44255769595481753
2021-06-24,0.2514775626480589
2021-06-27,0.047857605729646355
2021-06-28,-0.09293482451947697
2021-06-29,-0.04653565969441649
2021-06-30,0.0429705135707444
2021-07-04,0.3491961375749634
2021-07-05,0.19500664854829936
2021-07-06,0.09645368833183415
2021-07-07,-0.071074336178659
2021-07-08,-0.08746770406118798
2021-07-11,-0.07089270462361649
2021-07-12,0.03621459618173172
2021-07-13,0.20980202728313502
2021-07-14,0.31584111881273447
2021-07-15,0.009533942469022949
2021-07-18,-0.22107934752367847
2021-07-25,0.47830336159345366
2021-07-26,0.08323545500666649
2021-07-27,-0.21637903014820783
2021-07-28,-0.18030784044491716
2021-07-29,0.04093466337006187
2021-08-01,0.07509560562765609
2021-08-02,0.31692389118485775
2021-08-03,-0.011054843388496785
2021-08-04,-0.11368794801880858
2021-08-05,0.23721802614923432
2021-08-08,-0.01611774065014925
2021-08-09,-0.4221729873732515
2021-08-10,-0.02617709064903251
2021-08-11,0.17322894405410286
2021-08-15,0.11850542378416387
2021-08-16,0.14487106338857908
2021-08-17,-0.31776508826541605
2021-08-18,0.1719984505311307
2021-08-19,-0.18809554692297165
2021-08-22,0.20136568391379053
2021-08-23,-0.001739173367564649
2021-08-24,-0.4521661626866291
2021-08-25,0.5572284508270334
2021-08-26,0.03229754365859103
2021-08-29,0.0025633429921198825
2021-08-30,-0.18028420679732718
2021-08-31,-0.01589064278495282
2021-09-01,0.15827522214887083
2021-09-02,0.1560432078506372
2021-09-05,-0.024328696691577945
2021-09-06,-0.3159109914078806
2021-09-07,0.26426311610005065
2021-09-08,0.04738800226426355
2021-09-09,-0.1779421079387284
2021-09-12,0.05395971670433639
2021-09-13,-0.13044428382353235
2021-09-14,0.04828201945992136
2021-09-15,-0.015086028808586819
2021-09-16,-0.28498953385979076
2021-09-19,-0.03199721680908332
2021-09-20,0.29201917347825257
2021-09-21,0.07838309449155068
2021-09-22,-0.19969140287826204
2021-09-23,0.6774982518936641
2021-09-26,0.17760151763711154
2021-09-27,-0.07428930213410868
2021-09-28,-0.06144925430625704
2021-09-29,0.3162564740108292
2021-09-30,0.58701589145458
2021-10-03,-0.1830745281793791
2021-10-04,0.0995014122072508
2021-10-05,-0.16117047488649378
2021-10-06,0.1671209505005924
2021-10-10,0.020980139701931133
2021-10-11,0.22923196932388884
2021-10-12,-0.20266206519627725
2021-10-13,0.24677943603580943
2021-10-14,0.020694984314151038
2021-10-17,0.34020162506743346
2021-10-18,0.15935496936366264
2021-10-19,-0.07384079517388492
2021-10-20,-0.043597968388795885
2021-10-24,0.4044071635876624
2021-10-25,-0.0968289178306106
2021-10-26,0.28630796195157493
2021-10-27,0.08007007052659938
2021-10-28,0.18101192677575337
2021-10-31,-0.3799612287601897
2021-11-01,0.16993095733687977
2021-11-02,0.18125312985548367
2021-11-03,0.2455245557702305
2021-11-04,-0.03868348460784705
2021-11-07,0.08127588075965411
2021-11-08,-0.017657100287538297
2021-11-09,0.2877034656716829
2021-11-10,-0.6213883146512955
2021-11-11,0.10572286761070669
2021-11-14,-0.194291916160358
2021-11-15,-0.1706425341245288
2021-11-16,-0.329416497832147
2021-11-17,0.7401468998532099
2021-11-18,-0.21523671675149608
2021-11-21,-0.03818921951520597
2021-11-22,0.19917072566122085
2021-11-23,0.34437848697622325
2021-11-24,0.24786109616569638
2021-11-25,0.12471866491007605
2021-11-28,0.3140397294478782
2021-11-29,-0.4222843565139177
2021-11-30,-0.19910970299179742
2021-12-01,0.07438285430768463
2021-12-02,0.06695277593884633
2021-12-05,0.01951009975665706
2021-12-06,-0.31690622677239083
2021-12-07,-0.0195819166269674
2021-12-08,0.002798504964976009
2021-12-09,0.36638397627930075
2021-12-12,0.3001481054267216
2021-12-13,-0.1651638231181844
2021-12-14,0.12698933298190468
2021-12-15,0.14355890531816176
2021-12-16,0.09851929058241286
2021-12-19,-0.26444872564262073
2021-12-20,-0.2968691232923628
2021-12-21,-0.03718346478309087
2021-12-22,-0.11363259143994156
2021-12-23,-0.021382823036554283
2021-12-26,-0.10559922309668046
2021-12-27,-0.19425335699609803
2021-12-28,0.04711592912051185
2021-12-29,0.2465687255810165
2021-12-30,0.21262177913262972
2022-01-02,0.2311819611320664
2022-01-03,0.31016901541483244
2022-01-04,0.20610942717521846
2022-01-05,0.0951607936737581
2022-01-09,0.22230199379089421
2022-01-10,0.046943687437233116
2022-01-11,-0.07133483053367304
2022-01-12,0.11162456032445492
2022-01-13,0.03834559959614123
2022-01-16,0.36201857045693026
2022-01-17,0.03382870862465624
2022-01-18,0.021933979751305517
2022-01-19,-0.24280870856415337
2022-01-20,0.0782121745416757
2022-01-23,-0.3138864400852571
2022-01-24,0.028079265680949428
2022-01-25,-0.007588755691060503
2022-01-26,0.21080493671354694
2022-01-30,-0.10014010815382697
2022-01-31,0.04359231753705148
2022-02-01,0.045498689823166086
2022-02-02,0.10922184301264612
2022-02-03,0.09508814418567874
2022-02-06,0.0029730362535322907
2022-02-07,-0.09301157218085185
2022-02-08,0.41467098632153815
2022-02-09,-0.09110450846501915
2022-02-10,-0.11525429683942903
2022-02-13,0.2815744114642137
2022-02-14,-0.3162091298706248
2022-02-15,0.3604088330064474
2022-02-16,0.11669867689799296
2022-02-17,-0.2752803990651462
2022-02-20,-0.0326638890220555
2022-02-21,0.11660786558791322
2022-02-22,-0.17805521211960007
2022-02-23,0.04431267985514897
2022-02-24,-0.20755451077446832
2022-02-27,0.3160177214097635
2022-02-28,0.16246523319874823
2022-03-01,-0.21583112420308898
2022-03-02,-0.04959048393281626
2022-03-03,0.2207139909298167
2022-03-06,0.1821019499015327
2022-03-07,-0.21200978717013214
2022-03-08,0.017075324613075215
2022-03-09,0.09726891757990597
2022-03-10,0.09263010544276779
2022-03-13,-0.2531077908883085
2022-03-14,0.05774704944145159
2022-03-15,-0.279421972428726
2022-03-16,0.290754332824674
2022-03-17,0.011067527711417308
2022-03-20,0.29119842427874537
2022-03-21,0.7200829259358572
2022-03-22,-0.1620122543675133
2022-03-23,0.19226666349014138
2022-03-24,0.040437034811602386
2022-03-27,0.19659825184257418
2022-03-28,-0.5305851749785943
2022-03-29,0.11752517091235362
2022-03-30,-0.23815226055926658
2022-03-31,-0.34969064503917546
2022-04-03,0.22723415196231428
2022-04-04,-0.20742043156080697
2022-04-05,-0.1977499611128754
2022-04-06,0.04161134751118127
2022-04-07,-0.16990771569382662
2022-04-10,-0.008351968395034381
2022-04-11,-0.10214944861858236
2022-04-12,-0.17004864441055806
2022-04-13,0.05926184664932818
2022-04-14,-0.42222311910437405
2022-04-17,-0.04769166663366037
2022-04-18,0.14444729429332281
2022-04-19,-0.3224446768235441
2022-04-20,-0.39897893429226083
2022-04-21,-0.26259408635478293
2022-04-26,0.38882510966614603
2022-04-27,0.1472612407837331
2022-04-28,-0.10449086283189107
2022-05-08,0.05384494009369853
2022-05-09,-0.23882377371586067
2022-05-10,0.26325205029371046
2022-05-11,0.31104516877046373
2022-05-12,0.02347273510502522
2022-05-15,0.22308918000264985
2022-05-16,0.2610813902110604
2022-05-17,-0.08263404554111772
2022-05-18,0.30152804417572154
2022-05-19,0.007634180106367627
2022-05-22,-0.2698949971565425
2022-05-23,-0.013195104648619409
2022-05-24,-0.10680974899824282
2022-05-25,-0.16458894978706948
2022-05-26,0.19089764859905176
2022-05-29,0.1929900129543034
2022-05-30,0.12689840808266356
2022-05-31,-0.24035308289726792
2022-06-01,0.04117623725555633
2022-06-02,-0.0307171363844427
2022-06-05,0.10269273991178968
2022-06-06,-0.14310571425402124
2022-06-07,0.038849567751827484
2022-06-08,0.06615378006205477
2022-06-09,-0.17554996259719804
2022-06-12,-0.344487138224419
2022-06-13,0.27096625090579324
2022-06-14,0.17655087433346148
2022-06-15,0.0622386369787359
2022-06-16,-0.10159000651954112
2022-06-19,-0.29677668222284603
2022-06-20,0.27198729638674346
2022-06-21,0.3919566755462027
2022-06-22,-0.1056481245835429
2022-06-23,-0.02528961250009556
2022-06-26,-0.2254761688357111
2022-06-27,-0.15705632551647247
2022-06-28,0.012688118680834068
2022-06-29,0.03579871775799193
2022-07-03,0.03327416327914288
2022-07-04,-0.20297320275854375
2022-07-05,0.23195120621647988
2022-07-06,-0.2738272058235792
2022-07-07,0.07730770005553195
2022-07-17,-0.08488622276994856
2022-07-18,-0.06924433472099079
2022-07-19,0.045635807527754556
2022-07-20,0.323721352545409
2022-07-21,0.486608402193182
2022-07-24,-0.4264446393597397
2022-07-25,0.10825108081547141
2022-07-26,0.4618511809306449
2022-07-27,-0.09005330112238186
2022-07-28,-0.0962982522636385
2022-07-31,0.5579854339331162
2022-08-01,-0.5414787042940025
2022-08-02,-0.2538188308090614
2022-08-03,0.22031250070463454
2022-08-04,0.057554584992303245
2022-08-07,0.47757109338062254
2022-08-08,0.071437792926246
2022-08-09,-0.2893862989965834
2022-08-10,-0.07763630345196287
2022-08-11,0.14305818692177724
2022-08-14,0.09615057253347531
2022-08-15,0.013417826095950103
2022-08-16,0.36288281684487156
2022-08-17,-0.05112835818632298
2022-08-18,0.036427854466427045
2022-08-21,-0.16407582804485843
2022-08-22,0.1263786186751072
2022-08-23,0.1838963856167265
2022-08-24,-0.04052761014455952
2022-08-25,-0.10139368256756845
2022-08-28,-0.22035024899580763
2022-08-29,-0.0519565085720578
2022-08-30,-0.07754177891832938
2022-08-31,-0.005024467584677034
2022-09-01,-0.0009751404531110411
2022-09-04,-0.11603970375919881
2022-09-05,0.2916828417560273
2022-09-06,-0.12364663311912477
2022-09-07,-0.09407499143616643
2022-09-08,-0.27973347586711345
2022-09-11,-0.14918789199521484
2022-09-12,0.17729821499155127
2022-09-13,-0.039057106070285216
2022-09-14,-0.5300801511964585
2022-09-15,-0.06439262506011356
2022-09-18,-0.4686192438447555
2022-09-19,0.11381671949105199
2022-09-20,-0.1925036420454412
2022-09-21,-0.008069594034893851
2022-09-22,0.1318975386172259
2022-09-25,-0.005534775708979239
2022-09-26,0.14713216436977755
2022-09-27,0.11883680752310588
2022-09-28,-0.0375397250224216
2022-09-29,0.3761569542072407
2022-10-02,-0.13448321354392592
2022-10-03,0.01084550114976462
2022-10-04,0.03565268254645331
2022-10-05,0.14521712468558962
2022-10-09,-0.08957649125246274
2022-10-10,-0.22491698686623735
2022-10-11,0.2119519306929595
2022-10-12,0.11185789248151004
2022-10-13,0.1498269249451548
2022-10-16,0.20638032022734207
2022-10-17,0.14086795886545533
2022-10-18,0.03857691488730286
2022-10-19,0.4676898935446713
2022-10-20,0.2956963904292904
2022-10-23,-0.24607641135406594
2022-10-24,-0.5667697516190018
2022-10-25,-0.03403421931137248
2022-10-26,-0.14021734347278378
2022-10-27,0.08591161131742497
2022-10-30,-0.030611552531430178
2022-10-31,0.04358602436631575
2022-11-01,-0.1586515528874027
2022-11-02,-0.05077514969514653
2022-11-03,0.1859200810786223
2022-11-06,0.12400872258172115
2022-11-07,0.15097982978216096
2022-11-08,0.13532816403178768
2022-11-09,-0.05778413561318076
2022-11-10,-0.25423512073143884
2022-11-13,0.07243010636427025
2022-11-14,0.13108860942079473
2022-11-15,-0.22208944994442198
2022-11-16,0.815704553074507
2022-11-17,-0.022025526959401562
2022-11-20,0.06441291933581048
2022-11-21,-0.025462559197299083
2022-11-22,0.15143873964868207
2022-11-23,0.08358464979935057
2022-11-24,0.4517747318786556
2022-11-27,0.27615517071930007
2022-11-28,-0.15307222778094326
2022-11-29,-0.2693661810094013
2022-11-30,-0.41145036923531175
2022-12-01,0.11927681264407697
2022-12-04,0.8124664020105465
2022-12-05,-0.21328800557117958
2022-12-06,0.003090061498053437
2022-12-07,-0.3064102716826772
2022-12-08,0.21008612148598768
2022-12-11,-0.13956337675810887
2022-12-12,-0.01184275670505086
2022-12-13,0.09868977912485738
2022-12-14,-0.24545766991469556
2022-12-15,-0.09973439549734192
2022-12-18,0.09843662071079871
2022-12-19,-0.0179381430561913
2022-12-20,-0.37959653909816016
2022-12-21,0.011077579145769546
2022-12-22,-0.22849073149502477
2022-12-25,-0.3639965765385692
2022-12-26,0.2816639769968673
2022-12-27,0.11905914063429526
2022-12-28,0.6936762793237843
2022-12-29,-0.44188670650895223
2023-01-02,0.19077607357536353
2023-01-03,-0.1755625434305188
2023-01-04,0.18009142930389085
2023-01-05,0.2304121440730969
2023-01-09,-0.21773159341158405
2023-01-10,0.1039805472230646
2023-01-11,0.4005729481759138
2023-01-12,0.43754241350015644
2023-01-15,-0.1477760229762515
2023-01-16,0.19502458371178033
2023-01-17,0.27498953163539086
2023-01-18,-0.41779218181808075
2023-01-19,-0.05671644592074254
2023-01-22,-0.2861532039696437
2023-01-23,0.0037156424811365663
2023-01-24,0.043587977527102806
2023-01-25,0.21766884587464047
2023-01-29,0.012168892274144312
2023-01-30,-0.06644323786508105
2023-01-31,-0.3252655657195455
2023-02-01,-0.14915165068828845
2023-02-02,0.1854727319563992
2023-02-05,0.07448134480179734
2023-02-06,0.11642669844842182
2023-02-07,0.05437915789108846
2023-02-08,-0.6200668730744756
2023-02-09,0.13160446639214968
2023-02-12,-0.22136940122671245
2023-02-13,0.0430075694188696
2023-02-14,-0.12773641735228547
2023-02-15,-0.056179499593931925
2023-02-16,0.6794872920423116
2023-02-19,-0.3270154267733858
2023-02-20,0.09323946924369494
2023-02-21,0.1755401281847307
2023-02-22,-0.0785276787290938
2023-02-23,-0.3906084809505562
2023-02-26,-0.6094273520230348
2023-02-27,0.43979713812354204
2023-02-28,0.06647076500549248
2023-03-01,-0.11985195702293112
2023-03-02,-0.05425405311829114
2023-03-05,-0.12775701732048636
2023-03-06,0.07761758703568677
2023-03-07,-0.1956907442871196
2023-03-08,-0.05239539198172845
2023-03-09,-0.1591550733953919
2023-03-12,0.024745766964462346
2023-03-13,-0.18242315258868433
2023-03-14,-0.37789263074594603
2023-03-15,-0.1954746063585548
2023-03-16,0.027497428608268003
2023-03-19,-0.04637540703182472
2023-03-20,-0.16827608188809107
2023-03-21,0.4426407820014574
2023-03-22,-0.27936158400541056
2023-03-23,-0.05493232304935525
2023-03-26,0.30066497246756946
2023-03-27,0.022176932250975306
2023-03-28,0.29555979070351635
2023-03-29,0.48818511165674566
2023-03-30,0.0069112184002783905
2023-04-02,-0.2665380958131029
2023-04-03,0.5453973653811413
2023-04-04,-0.308171711269394
2023-04-05,-0.2204009633070234
2023-04-06,-0.38166331644280144
2023-04-09,-0.3513435539037052
2023-04-10,0.2571966690257568
2023-04-11,0.03912343860091175
2023-04-12,0.3026850857565023
2023-04-13,-0.23468327944714606
2023-04-18,-0.03615019563146801
2023-04-19,-0.019039706912948207
2023-04-26,-0.1579797938483787
2023-04-27,0.059725646662920295
2023-04-30,-0.03158006504454412
2023-05-01,-0.28471505121483903
2023-05-02,-0.6089834936415527
2023-05-03,0.11199327649828716
2023-05-07,-0.27611749090683596
2023-05-08,0.06571903919927724
2023-05-09,-0.4649527526681708
2023-05-10,0.15975663944168306
2023-05-11,0.03547934013057408
2023-05-14,0.05102647514217637
2023-05-15,0.04029233451067443
2023-05-16,-0.2707380142733655
2023-05-17,-0.4798415291459902
2023-05-18,0.09629539698074657
2023-05-21,0.0031785810537785925
2023-05-22,-0.1660141485539378
2023-05-23,-0.058531551707405004
2023-05-24,-0.18346573636909758
2023-05-25,-0.043073982843485396
2023-05-28,-0.04875311456660622
2023-05-29,-0.23748966615244993
2023-05-30,0.20400206264773624
2023-05-31,-0.24208099698184576
2023-06-01,-0.3419047442163929
2023-06-04,0.06422469617557043
2023-06-05,-0.15383676230050208
2023-06-06,0.12882227988012943
2023-06-07,-0.6421606606459159
2023-06-08,-0.08031748803778654
2023-06-11,0.3834388954086573
2023-06-12,0.17456702435452764
2023-06-13,0.1633225080325911
2023-06-14,-0.15934634861386493
2023-06-15,0.11823001015166817
2023-06-18,0.2134203953753684
2023-06-19,-0.11393199147524671
2023-06-20,0.1549851565275671
2023-06-21,0.1408928030463193
2023-06-22,-0.5605189676822462
2023-06-25,-0.33683273449507256
2023-06-26,-0.2674619113663433
2023-07-04,-0.08960959706692533
2023-07-05,-0.25007813350716807
2023-07-06,0.15147122575220182
2023-07-09,-0.09585558372953376
2023-07-10,0.06597031052177647
2023-07-11,-0.15424442876261996
2023-07-12,0.21105722507059155
2023-07-13,0.4891957577412367
2023-07-16,0.35596222452284776
2023-07-17,-0.04937731420284633
2023-07-18,0.06297468749017464
2023-07-19,-0.06750061912947303
2023-07-24,-0.4004835514949592
2023-07-25,-0.017478761722381997
2023-07-26,0.2303654599567553
2023-07-27,0.030142481635189674
2023-07-30,0.4564704471482398
2023-07-31,-0.28611943469110507
2023-08-01,-0.34421380094419707
2023-08-02,-0.37970030413494477
2023-08-03,0.15455374567068833
2023-08-06,0.14000884579052714
2023-08-07,0.2586108040343227
2023-08-08,0.16513552418738867
2023-08-09,-0.04537199679556782
2023-08-10,-0.012827016194232412
2023-08-13,0.30787967871132377
2023-08-14,-0.043803472443399605
2023-08-15,0.22642718116687122
2023-08-16,0.04672873517606578
2023-08-17,-0.18332150749985904
2023-08-20,-0.04971897992401147
2023-08-21,-0.06927107500910222
2023-08-22,-0.020440592084254715
2023-08-23,-0.05212568285459501
2023-08-24,0.19598758121880527
2023-08-27,0.12955834600102722
2023-08-28,-0.18636917758411534
2023-08-29,-0.013423419973049085
2023-08-30,-0.1867690535083506
2023-08-31,-0.3114310723455967
2023-09-03,-0.00290435699314872
2023-09-04,0.5399563260362549
2023-09-05,-0.07318241411990639
2023-09-06,0.34912358559055345
2023-09-07,0.0028987372917209098
2023-09-10,0.18297050935109122
2023-09-11,0.24801296724640504
2023-09-12,0.3910856616960778
2023-09-13,0.012342438985557197
2023-09-14,0.2715559574276679
2023-09-17,0.3653034798894509
2023-09-18,0.345924909554385
2023-09-19,0.09371008466578779
2023-09-20,0.1855966544533688
2023-09-21,-0.15088024277464232
2023-09-24,-0.05874684628689807
2023-09-25,0.48037675633916976
2023-09-26,0.17030453363788306
2023-09-27,0.2095938868903398
2023-10-01,0.10526803873428987
2023-10-02,0.037256369977626345
2023-10-03,-0.4324401099872747
2023-10-04,0.5159790015041887
2023-10-08,-0.3158118316128942
2023-10-09,0.06399516076309442
2023-10-10,0.13549035580199112
2023-10-11,-0.1446270963215978
2023-10-12,-0.27386298943631604
2023-10-15,0.28244143520592657
2023-10-16,0.24092545234123736
2023-10-17,-0.08664791862931748
2023-10-18,-0.12180412597810511
2023-10-19,-0.37262175570615513
2023-10-22,-0.02336364330536478
2023-10-23,0.346709669846949
2023-10-24,0.21201434688699033
2023-10-25,0.10668305196268942
2023-10-26,-0.2897610137723957
2023-10-29,0.24261585668847357
2023-10-30,0.48628975558582943
2023-10-31,-0.13116732932137404
2023-11-01,0.09421603423543895
2023-11-02,0.12288183336414442
2023-11-05,0.29526885850730017
2023-11-06,0.009266192377595489
2023-11-07,-0.011882926673047231
2023-11-08,0.23219882013771975
2023-11-09,-0.14760793470814798
2023-11-12,-0.2637791589568728
2023-11-13,0.043619131353735734
2023-11-14,-0.06955700965383876
2023-11-15,0.10888237760894891
2023-11-16,0.4984025846353423
2023-11-19,0.30381639670052574
2023-11-20,-0.16794238411965653
2023-11-21,-0.04436094980024957
2023-11-22,0.04169511164176043
2023-11-23,0.04989368408962229
2023-11-26,0.05194618374542131
2023-11-27,0.07794495383196454
2023-11-28,-0.19838264671907926
2023-11-29,-0.026639505213492287
2023-11-30,-0.03064918139145728
2023-12-03,0.22468045348321886
2023-12-04,0.061658009773843
2023-12-05,0.15646126519831868
2023-12-06,-0.2242857146098834
2023-12-07,-0.17977716954715695
2023-12-10,-0.5425464323420969
2023-12-11,-0.007830178222002576
2023-12-12,-0.18429250529943714
2023-12-13,0.18125315626931082
2023-12-14,0.3032110821576933
2023-12-17,-0.071874968103812
2023-12-18,0.11448794408205815
2023-12-19,-0.024789138553314615
2023-12-20,0.12032308033346369
2023-12-21,-0.40662459889209057
2023-12-24,0.14703136618814683
2023-12-25,-0.22484916743540634
2023-12-26,0.30970594741811575
2023-12-27,0.14357361714871003
2023-12-28,-0.19866593940483582
2023-12-31,-0.16258314474204677
2024-01-02,-0.3392421267156918
2024-01-03,0.29223240851347104
2024-01-04,-0.007645569667789399
2024-01-08,-0.010251101638235078
2024-01-09,0.0934584963381348
2024-01-10,-0.08584930718638611
2024-01-11,-0.05893067509190408
2024-01-14,0.08533003635588549
2024-01-15,0.2814546721580854
2024-01-16,0.22967050480312834
2024-01-17,-0.3184357417406063
2024-01-18,0.0404220816077838
2024-01-21,-0.16682331708121945
2024-01-22,-0.060103162993066825
2024-01-23,0.24911770277375153
2024-01-24,0.015646043815653952
2024-01-28,-0.07159685886739814
2024-01-29,-0.11830391647998263
2024-01-30,-0.3003981071714332
2024-01-31,-0.6345111341757128
2024-02-01,0.10341505855124714
2024-02-04,0.1660763951256919
2024-02-05,-0.17740348744078027
2024-02-06,-0.37585136591874785
2024-02-07,0.16170980757586703
2024-02-08,0.2632650132904956
2024-02-11,-0.12214596672645503
2024-02-12,0.03553426669931211
2024-02-13,-0.008710397022867827
2024-02-14,0.14230275495417533
2024-02-15,-0.2410378306937695
2024-02-18,-0.004519272463381308
2024-02-19,0.0018220490288855093
2024-02-20,0.23960972038217312
2024-02-21,0.2293908818130875
2024-02-22,0.041435186934329585
2024-02-25,-0.25631970876826277
2024-02-26,0.04176766827362033
2024-02-27,-0.192439820960276
2024-02-28,-0.0005494022283828864
2024-02-29,-0.17495960269063074
2024-03-03,-0.06470597858442867
2024-03-04,0.4476657402260158
2024-03-05,0.17396717230697584
2024-03-06,0.03705435821258704
2024-03-07,0.0419154198670912
2024-03-10,-0.16040540937467793
2024-03-11,-0.24170721318544086
2024-03-12,-0.08879485095271666
2024-03-13,-0.5107344523403035
2024-03-14,0.07288366827483453
2024-03-17,-0.1175676425155061
2024-03-18,-0.4706184311405177
2024-03-19,0.27881405665489034
2024-03-20,-0.26912547824655403
2024-03-21,-0.06509370286636229
2024-03-24,0.2503794579669594
2024-03-25,0.289511325881166
2024-03-26,-0.2819300167030686
2024-03-27,-0.07020243335622345
2024-03-28,-0.47144777099453405
2024-03-31,-0.32168575086748635
2024-04-01,0.17947574921772308
2024-04-02,-0.10958514919218831
2024-04-03,0.001149272968354098
2024-04-04,0.23108718013905893
2024-04-07,0.3276685027791463
2024-04-08,0.4052781406892289
2024-04-15,0.08700139266067261
2024-04-16,-0.29442550618297636
2024-04-17,-0.34188432940501784
2024-04-18,-0.24393322015763758
2024-04-21,0.32410667905201096
2024-04-22,0.3913790291376115
2024-04-23,-0.5184958296487716
2024-04-24,-0.027907912087621257
2024-04-28,-0.21835321426790066
2024-04-29,-0.022332542977302618
2024-04-30,-0.042559123291409734
2024-05-02,-0.0036354246913512245
2024-05-07,-0.18058485042640127
2024-05-08,0.06877642215954129
2024-05-09,0.30360200012942135
2024-05-12,-0.07165882274590095
2024-05-13,-0.24115053045458162
2024-05-14,-0.30775826864224404
2024-05-15,-0.2644020626117922
2024-05-16,0.19302745887045952
2024-05-19,1.0
2024-05-20,0.07305722334665479
2024-05-21,0.19729509304233228
2024-05-22,-0.2634099813081011
2024-05-23,0.04495257919803841
2024-05-26,0.10538323196328155
2024-05-27,0.21686215760675487
2024-05-28,-0.10219230667548941
2024-05-29,0.32467265152722385
2024-05-30,-0.25060422108695646
2024-06-02,0.14099962593192972
2024-06-03,-0.15945526303865967
2024-06-04,-0.14471438252866636
2024-06-05,0.4254843871708306
2024-06-06,-0.15738045033243508
2024-06-09,-0.13310099602881148
2024-06-10,0.4486535127832414
2024-06-11,0.39568365890090107
2024-06-12,-0.034366420471550294
2024-06-13,0.11407530589228163
2024-06-23,0.28020361300595376
2024-06-24,-0.23524709476511058
2024-06-25,0.1056433351210763
2024-06-26,-0.28774995426063527
2024-06-27,-0.07444729909797043
2024-07-02,-0.12595087884174055
2024-07-03,-0.468491477008822
2024-07-04,0.2287841347303485
2024-07-07,-0.6975172991320043
2024-07-08,0.13050942108390434
2024-07-09,0.13298239992040758
2024-07-10,-0.17609352773944603
2024-07-14,-0.24915636425264437
2024-07-15,0.29253177343319536
2024-07-16,0.2597257754831554
2024-07-17,-0.014624350061053795
2024-07-18,-0.34023197980288994
2024-07-21,0.3401606023622041
2024-07-22,0.3570350150286703
2024-07-23,0.33918994233894173
2024-07-24,-0.1768454333401604
2024-07-28,-0.17699689042791986
2024-07-29,-0.07803104808119002
2024-07-30,0.16819962878409883
2024-07-31,0.37296439136636295
2024-08-01,-0.03367963620939729
2024-08-04,-0.40056288724257744
2024-08-05,-0.15308708297591422
2024-08-06,0.4205304263081134
2024-08-07,-0.15822074211655363
2024-08-08,-0.16128805013814979
2024-08-11,0.5830577153690777
2024-08-12,-0.12623725190557464
2024-08-13,-0.1066584693190015
2024-08-14,0.5833072649064568
2024-08-15,0.17382326583585828
2024-08-18,0.07329927769461059
2024-08-19,0.13718713112333905
2024-08-20,-0.1756824656094345
2024-08-21,-0.13058490067488984
2024-08-22,-0.15968429957643784
2024-08-25,-0.01118909607194384
2024-08-26,0.3094614506827027
2024-08-27,0.3870031032640475
2024-08-28,-0.1448330955739702
2024-08-29,-0.20772392001570447
2024-09-01,-0.3706026387357468
2024-09-02,-0.00467179181924246
2024-09-03,0.18820157238415464
2024-09-04,-0.1841855157007447
2024-09-05,0.22115538731410095
2024-09-08,-0.17276418175299302
2024-09-09,0.26291129614472786
2024-09-10,-0.014369543075994251
2024-09-11,-0.3505390045301733
2024-09-12,-0.29948659300352626
2024-09-16,-0.12518134868328218
2024-09-17,0.008814485671349775
2024-09-18,0.01736291288388455
2024-09-19,0.36346395005562443
2024-09-22,0.13821947793975956
2024-09-23,-0.08350879975017426
2024-09-24,-0.22473534620218075
2024-09-25,0.05739915286266054
2024-09-26,-0.2101352072385282
2024-09-29,-0.0929007887143884
2024-09-30,0.03429875860369268
2024-10-01,-0.2501518584502712
2024-10-02,0.5250682596613899
2024-10-03,0.4735553408495823
2024-10-07,0.11142305610919631
2024-10-08,-0.33964274973407116
2024-10-09,0.43904210922806675
2024-10-10,0.07822378429646061
2024-10-13,-0.19505471687756093
2024-10-14,-0.0010401189450930798
2024-10-15,-0.004600686264948958
2024-10-16,0.033517324675769726
2024-10-17,-0.2269181601516595
2024-10-20,0.07305498872090849
2024-10-21,-0.030389183995935445
2024-10-22,0.08864523212754827
2024-10-23,-0.19814337741117044
2024-10-24,0.19704361542747842
2024-10-27,0.2649086024921329
2024-10-28,-0.06711294167451316
2024-10-29,0.037475065877176875
2024-10-30,0.1231838046405254
2024-10-31,0.013367366149188376
2024-11-03,-0.009447770624991095
2024-11-04,-0.11696601111993633
2024-11-05,0.1836055311726154
2024-11-06,-0.11404957452833717
2024-11-07,-0.16303857629256024
2024-11-10,0.19323289407667008
2024-11-11,-0.1804716619280209
2024-11-12,0.33413447002524993
2024-11-13,-0.022018981854777582
2024-11-14,0.4609031709102869
2024-11-17,-0.30384341867516224
2024-11-18,0.12116374171273199
2024-11-19,0.03496309676879368
2024-11-20,0.3391428928003398
2024-11-21,0.004188887751124255
2024-11-24,0.21647739780147082
2024-11-25,-0.015815914603731916
2024-11-26,-0.19961044598856043
2024-11-27,-0.17629752641209184
2024-11-28,0.021916618622910184
2024-12-01,0.35249083533481257
2024-12-02,0.12790856086787597
2024-12-03,0.2750163115233832
2024-12-04,-0.10247259972491188
2024-12-05,0.0837763181972304
2024-12-08,0.4274924030493498
2024-12-09,-0.49554761133626934
2024-12-10,0.02389723164938977
2024-12-11,0.079143831648278
2024-12-12,0.26607894018276945
2024-12-15,-0.02778301345690852
2024-12-16,0.1552757530172875
2024-12-17,0.40676214824075996
2024-12-18,0.04454022626021782
2024-12-19,-0.16197223194760557
2024-12-22,-0.19626718663432224
2024-12-23,0.08929077198362532
2024-12-24,-0.132729243012852
2024-12-25,-0.05412949453972918
2024-12-26,-0.0751454081289954
2024-12-29,-0.29782294769986883
2024-12-30,-0.18324661681376014
2024-12-31,0.42834478032156575
2025-01-02,0.1616126129509172
2025-01-05,0.09277336591223156
2025-01-06,0.14281421861122945
2025-01-08,0.18360219395676972
2025-01-09,-0.036955714075496436
2025-01-12,-0.023145721104501304
2025-01-13,-0.2167019052173738
2025-01-14,-0.2834370697061703
2025-01-15,0.22702426346104848
2025-01-16,-0.2196013387835437
2025-01-19,-0.12132975103910404
2025-01-20,0.14852623937015771
2025-01-21,0.07122804196339207
2025-01-22,-0.5660896516747665
2025-01-23,-0.28878999064090044
2025-01-26,0.4965084277951738
2025-01-27,-0.22330325104604548
2025-01-28,0.005630770037490823
2025-01-29,-0.49484449971555455
2025-01-30,0.16783831803569593
2025-02-02,0.27913855158361867
2025-02-03,0.07347687475486245
2025-02-04,-0.21641876375476918
2025-02-05,-0.05191273637658154
2025-02-06,-0.131194471914351
2025-02-09,-0.013394502121490112
2025-02-10,0.2667354220708234
2025-02-11,0.20561444751709596
2025-02-12,0.006903306251095323
2025-02-13,-0.11523125727091564
2025-02-16,-0.12739294204897617
2025-02-17,-0.1380954882912794
2025-02-18,0.46796181444020696
2025-02-19,0.29673383785009433
2025-02-20,-0.08915443049192348
2025-02-23,-0.24414137264895147
2025-02-24,-0.2926004753522354
2025-02-25,0.03289059040008881
2025-02-26,0.14844588720012963
2025-02-27,-0.34912548348468014
2025-03-02,0.20411633770538432
2025-03-03,0.07337999958883176
2025-03-04,-0.15550413626362142
2025-03-05,-0.13755954261210823
2025-03-06,0.2091258830861826
2025-03-09,-0.06363745914037468
2025-03-10,0.09017854916291448
2025-03-11,-0.15289968725461522
2025-03-12,-0.09624434864431447
2025-03-13,-0.1344216470096369
2025-03-16,0.19624823247706408
2025-03-17,-0.4960008408740687
2025-03-18,0.17678820574661097
2025-03-19,0.06652824906405724
2025-03-20,-0.0006769110758781845
2025-03-23,-0.15374582856491095
2025-03-24,0.1684529408377995
2025-03-25,0.2746785022879414
2025-03-26,0.08179535835768519
2025-03-27,-0.10341198082365621
2025-04-03,-0.08256989199635009
2025-04-06,-0.27262046501753673
2025-04-07,-0.012698519903240956
2025-04-08,-0.07958770099142144
2025-04-09,-0.20271590846809825
2025-04-10,-0.03064722684872548
2025-04-13,0.04482103328883537
2025-04-14,-0.1154575168134754
2025-04-15,0.5944749125445059
2025-04-16,-0.16446171472543294
2025-04-17,-0.2851258641258311
2025-04-22,0.17631749351907883
2025-04-23,0.1012319613794952
2025-04-27,0.019194047474825816
2025-04-28,0.20153376780077603
2025-04-29,0.08266967187517633
2025-04-30,0.24251409692645037
2025-05-04,0.16321975283028273
2025-05-05,0.28087820584647494
2025-05-06,-0.05974808927357819
2025-05-07,-0.06685342610352293
2025-05-08,-0.03088736875893155
2025-05-11,-0.2855284901710411
2025-05-12,0.03642155160936839
2025-05-13,-0.10238499535436936
2025-05-14,0.24611477290601064
2025-05-15,-0.005251450530480166
2025-05-18,-0.3145893759985366
2025-05-19,0.0765784100305445
2025-05-20,-0.09215337097143601
2025-05-21,-0.13938585467924855
2025-05-22,0.08126002260687964
2025-05-25,-0.2543969443922633
2025-05-26,0.3168954032049068
2025-05-27,0.05988647752002796
2025-05-28,0.01399901578224454
2025-05-29,-0.2265961514082216
2025-06-01,0.018407725177988093
2025-06-02,0.23938349399539668
2025-06-03,0.10071692729986492
2025-06-04,0.13290055861955608
2025-06-10,0.16603756269687364
2025-06-11,0.09535401109948391
2025-06-12,-0.06628787296858704
2025-06-15,-0.2354254007699788
2025-06-16,-0.20151350780662292
2025-06-17,-0.3656100709059417
2025-06-18,-0.3299339688671876
2025-06-19,0.07877360386059956
2025-06-22,0.1966703813629761
2025-06-23,0.33816698603721557
2025-06-24,-0.2384212070878035
2025-06-25,-0.35924554061829006
2025-06-29,0.5631419916768596
2025-06-30,0.10381981968187814
2025-07-01,-0.43272631794840105
2025-07-02,0.22895514217848742
2025-07-06,-0.2142271819475678
2025-07-07,0.13560784412805582
2025-07-09,0.38107054467740364
2025-07-10,-0.17943742366524507
2025-07-13,-0.31109789224421025
2025-07-14,-0.038454156079247404
2025-07-15,-0.08347288422239871
2025-07-16,0.053383939211287035
2025-07-17,-0.04458531430080041
2025-07-20,0.12915650576875792
2025-07-21,-0.3002925415342284
2025-07-22,-0.11434910480755044
2025-07-23,-0.02221002201219483
2025-07-27,0.364789289882673
2025-07-28,0.03543874584132907
2025-07-29,-0.09133077685298469
2025-07-30,-0.2209061002993999
2025-07-31,-0.21093791586833552
2025-08-03,0.45425316966375223
2025-08-04,-0.1613343233020542
2025-08-05,-0.17056303232784484
2025-08-06,-0.2971629416074379
2025-08-07,-0.08585514799497967
2025-08-10,0.017027575433564243
2025-08-11,0.01699102169389608
2025-08-12,-0.29979839189596336
2025-08-13,0.21164662718617736
2025-08-14,0.03628513892864482
2025-08-17,0.05160042823779555
2025-08-18,0.34285817486557124
2025-08-19,0.23601284758955288
2025-08-20,0.010300004601218084
2025-08-21,0.09682760833170737
2025-08-24,-0.09056416667727195
2025-08-25,-0.0791012525381166
2025-08-26,-0.00844108475736656
2025-08-27,-0.32866409184561207
2025-08-28,-0.22601754757029158
2025-08-31,0.24774031239465652
2025-09-01,0.033200570959703336
2025-09-02,-0.22250669811559334
2025-09-03,-0.18131041670353334
2025-09-07,0.045592678829845606
2025-09-08,0.09637598320670376
2025-09-09,0.005935404973899281
2025-09-10,0.31683539642037695
2025-09-11,0.30235418863167973
2025-09-14,0.5328532231292886
2025-09-15,-0.08703640541299104
2025-09-16,-0.06745607477864306
2025-09-17,0.11367136435386332
2025-09-18,0.2814899926445959
2025-09-21,-0.04342125409675061
2025-09-22,-0.351796922196658
2025-09-23,-0.060865689994066524
2025-09-24,-0.10078839707328414
2025-09-25,-0.057378192782916025
2025-09-28,-0.10211439413442021
2025-09-29,0.11550040823992228
2025-09-30,0.1730599044507824
2025-10-01,0.05370978446926614
2025-10-02,-0.26897187875987855
2025-10-05,-0.01653784719837345
2025-10-06,0.230689830496371
2025-10-07,0.022214553219131513
2025-10-08,0.24603867916525535
2025-10-12,-0.006252447970378855
2025-10-13,0.04624687316980661
2025-10-14,-0.288188601390232
2025-10-15,0.30572402978676627
2025-10-16,-0.07313651002172232
2025-10-19,0.3605812227077376
2025-10-20,0.17765780035342263
2025-10-21,0.0799250760357156
2025-10-22,0.16950143297224202
2025-10-23,-0.3163486342500779
2025-10-26,-0.21051240774291763
2025-10-27,-0.23872058608325752
2025-10-28,-0.0009625114614570107
2025-10-29,0.10559632861078809
2025-10-30,-0.1124756580798681
2025-11-02,-0.2400487271909288
2025-11-03,-0.020487801722915748
2025-11-04,0.15377535763076536
2025-11-05,-0.03827131619177078
2025-11-06,-0.17505823266581821
2025-11-09,-0.04244835827964583
2025-11-10,0.04752894965436997
2025-11-11,-0.2803818727721034
2025-11-12,-0.13081024366747143
2025-11-13,0.06480032981120142
2025-11-16,0.2687492666101516
2025-11-17,-0.3565830510769617
2025-11-18,-0.05273771295606175
2025-11-19,-0.07653041581940792
2025-11-20,0.026955477413137606
2025-11-23,0.3753666925858803
2025-11-24,0.07167190506008489
2025-11-25,-0.3271907117213062
2025-11-26,0.2340632250455729
2025-11-27,-0.20295817479974138
2025-11-30,-0.2226752705026689
2025-12-01,-0.2789586114136534
2025-12-02,-0.4407085350686943
2025-12-03,0.09631797905645775
2025-12-04,-0.014392299447273623
2025-12-07,-0.010995720221928643
2025-12-08,0.1053546764004237
2025-12-09,0.1373612389588982
2025-12-10,0.01958096465547679
2025-12-11,-0.3555445091147222
2025-12-14,-0.08126534363554917
2025-12-15,-0.010383696608503714
2025-12-16,-0.10032299797196065
2025-12-17,0.012700567631374574
2025-12-18,0.008046857931420758
2025-12-21,-0.4231723866237973
2025-12-22,-0.24068440745862352
2025-12-23,0.051686039686139267
2025-12-24,-0.004557628924285951
2025-12-25,-0.14572381920418004
2025-12-28,-0.18001115897333056
2025-12-29,0.05075801775725434
2025-12-30,-0.05838404538141317
2025-12-30,-0.07281858598855327
